raw	candidate	label	locale	notes
bruh	bro	slang	en-US	TEKITO-owned seed entry
cooked	exhausted	slang	en-US	TEKITO-owned seed entry
delulu	delusional	slang	en-US	TEKITO-owned seed entry
gonna	going to	colloquial	en-US	TEKITO-owned seed entry
idk	I don't know	abbreviation	en-US	TEKITO-owned seed entry
kinda	kind of	colloquial	en-US	TEKITO-owned seed entry
lol	laughing out loud	slang	en-US	TEKITO-owned seed entry
lowkey	quietly	slang	en-US	TEKITO-owned seed entry
mid	average	slang	en-US	TEKITO-owned seed entry
nocap	no cap	phrase	en-US	TEKITO-owned seed entry
rizz	charisma	slang	en-US	TEKITO-owned seed entry
sus	suspicious	slang	en-US	TEKITO-owned seed entry
wanna	want to	colloquial	en-US	TEKITO-owned seed entry
