abt	about	colloquial	en-US	TEKITO-owned
afaik	as far as I know	abbreviation	en-US	TEKITO-owned
afk	away from keyboard	abbreviation	en-US	TEKITO-owned
asap	as soon as possible	abbreviation	en-US	TEKITO-owned
atm	at the moment	abbreviation	en-US	TEKITO-owned
bae	bae	slang	en-US	TEKITO-owned
bby	baby	colloquial	en-US	TEKITO-owned
bc	because	abbreviation	en-US	TEKITO-owned
bday	birthday	colloquial	en-US	TEKITO-owned
betcha	bet you	colloquial	en-US	TEKITO-owned
bf	boyfriend	abbreviation	en-US	TEKITO-owned
bff	best friends forever	abbreviation	en-US	TEKITO-owned
bout	about	colloquial	en-US	TEKITO-owned
brb	be right back	abbreviation	en-US	TEKITO-owned
bruh	bro	slang	en-US	TEKITO-owned
btw	by the way	abbreviation	en-US	TEKITO-owned
c'mon	come on	colloquial	en-US	TEKITO-owned
congrats	congratulations	colloquial	en-US	TEKITO-owned
convo	conversation	colloquial	en-US	TEKITO-owned
cooked	exhausted	slang	en-US	TEKITO-owned
cuz	because	colloquial	en-US	TEKITO-owned
cya	see you	abbreviation	en-US	TEKITO-owned
def	definitely	colloquial	en-US	TEKITO-owned
defo	definitely	colloquial	en-US	TEKITO-owned
delulu	delusional	slang	en-US	TEKITO-owned
dm	direct message	abbreviation	en-US	TEKITO-owned
dms	direct messages	abbreviation	en-US	TEKITO-owned
dontcha	don't you	colloquial	en-US	TEKITO-owned
dunno	don't know	colloquial	en-US	TEKITO-owned
eod	end of day	abbreviation	en-US	TEKITO-owned
eta	estimated time of arrival	abbreviation	en-US	TEKITO-owned
fab	fabulous	colloquial	en-US	TEKITO-owned
fam	family	slang	en-US	TEKITO-owned
fav	favorite	colloquial	en-US	TEKITO-owned
fave	favorite	colloquial	en-US	TEKITO-owned
finna	going to	slang	en-US	TEKITO-owned
fomo	fear of missing out	abbreviation	en-US	TEKITO-owned
fr	for real	abbreviation	en-US	TEKITO-owned
fs	for sure	abbreviation	en-US	TEKITO-owned
ftw	for the win	abbreviation	en-US	TEKITO-owned
fwiw	for what it's worth	abbreviation	en-US	TEKITO-owned
fyi	for your information	abbreviation	en-US	TEKITO-owned
gf	girlfriend	abbreviation	en-US	TEKITO-owned
gg	good game	abbreviation	en-US	TEKITO-owned
gimme	give me	colloquial	en-US	TEKITO-owned
gl	good luck	abbreviation	en-US	TEKITO-owned
gm	good morning	abbreviation	en-US	TEKITO-owned
gn	good night	abbreviation	en-US	TEKITO-owned
gonna	going to	colloquial	en-US	TEKITO-owned
gorg	gorgeous	colloquial	en-US	TEKITO-owned
gotcha	got you	colloquial	en-US	TEKITO-owned
gotta	got to	colloquial	en-US	TEKITO-owned
grats	congratulations	colloquial	en-US	TEKITO-owned
hafta	have to	colloquial	en-US	TEKITO-owned
hbd	happy birthday	abbreviation	en-US	TEKITO-owned
hbu	how about you	abbreviation	en-US	TEKITO-owned
highkey	openly	slang	en-US	TEKITO-owned
hmu	hit me up	abbreviation	en-US	TEKITO-owned
icymi	in case you missed it	abbreviation	en-US	TEKITO-owned
idc	I don't care	abbreviation	en-US	TEKITO-owned
idek	I don't even know	abbreviation	en-US	TEKITO-owned
idk	I don't know	abbreviation	en-US	TEKITO-owned
idts	I don't think so	abbreviation	en-US	TEKITO-owned
ig	I guess	abbreviation	en-US	TEKITO-owned
iirc	if I remember correctly	abbreviation	en-US	TEKITO-owned
ik	I know	abbreviation	en-US	TEKITO-owned
ikr	I know, right	abbreviation	en-US	TEKITO-owned
ily	I love you	abbreviation	en-US	TEKITO-owned
imho	in my humble opinion	abbreviation	en-US	TEKITO-owned
imo	in my opinion	abbreviation	en-US	TEKITO-owned
imy	I miss you	abbreviation	en-US	TEKITO-owned
irl	in real life	abbreviation	en-US	TEKITO-owned
istg	I swear to God	abbreviation	en-US	TEKITO-owned
iykyk	if you know, you know	abbreviation	en-US	TEKITO-owned
jic	just in case	abbreviation	en-US	TEKITO-owned
jk	just kidding	abbreviation	en-US	TEKITO-owned
k	okay	colloquial	en-US	TEKITO-owned
kinda	kind of	colloquial	en-US	TEKITO-owned
kk	okay	colloquial	en-US	TEKITO-owned
lemme	let me	colloquial	en-US	TEKITO-owned
lil	little	colloquial	en-US	TEKITO-owned
lmao	lmao	abbreviation	en-US	TEKITO-owned
lmk	let me know	abbreviation	en-US	TEKITO-owned
lol	laughing out loud	abbreviation	en-US	TEKITO-owned
lotta	lot of	colloquial	en-US	TEKITO-owned
lowkey	quietly	slang	en-US	TEKITO-owned
luv	love	colloquial	en-US	TEKITO-owned
lysm	love you so much	abbreviation	en-US	TEKITO-owned
mfw	my face when	abbreviation	en-US	TEKITO-owned
mid	average	slang	en-US	TEKITO-owned
msg	message	abbreviation	en-US	TEKITO-owned
nah	no	colloquial	en-US	TEKITO-owned
naw	no	colloquial	en-US	TEKITO-owned
nbd	no big deal	abbreviation	en-US	TEKITO-owned
ngl	not gonna lie	abbreviation	en-US	TEKITO-owned
nite	night	colloquial	en-US	TEKITO-owned
nm	not much	abbreviation	en-US	TEKITO-owned
nocap	no lie	slang	en-US	TEKITO-owned
np	no problem	abbreviation	en-US	TEKITO-owned
nsfw	not safe for work	abbreviation	en-US	TEKITO-owned
nvm	never mind	abbreviation	en-US	TEKITO-owned
nw	no worries	abbreviation	en-US	TEKITO-owned
obv	obviously	colloquial	en-US	TEKITO-owned
obvi	obviously	colloquial	en-US	TEKITO-owned
obvs	obviously	colloquial	en-US	TEKITO-owned
ofc	of course	abbreviation	en-US	TEKITO-owned
okie	okay	colloquial	en-US	TEKITO-owned
omg	oh my god	abbreviation	en-US	TEKITO-owned
omw	on my way	abbreviation	en-US	TEKITO-owned
ong	on God	abbreviation	en-US	TEKITO-owned
ootd	outfit of the day	abbreviation	en-US	TEKITO-owned
outta	out of	colloquial	en-US	TEKITO-owned
perf	perfect	colloquial	en-US	TEKITO-owned
pic	picture	colloquial	en-US	TEKITO-owned
pics	pictures	colloquial	en-US	TEKITO-owned
pls	please	abbreviation	en-US	TEKITO-owned
plz	please	abbreviation	en-US	TEKITO-owned
pov	point of view	abbreviation	en-US	TEKITO-owned
ppl	people	abbreviation	en-US	TEKITO-owned
prob	probably	colloquial	en-US	TEKITO-owned
probs	probably	colloquial	en-US	TEKITO-owned
prolly	probably	colloquial	en-US	TEKITO-owned
ridic	ridiculous	colloquial	en-US	TEKITO-owned
rizz	charisma	slang	en-US	TEKITO-owned
rly	really	abbreviation	en-US	TEKITO-owned
rn	right now	abbreviation	en-US	TEKITO-owned
rofl	rolling on the floor laughing	abbreviation	en-US	TEKITO-owned
sesh	session	colloquial	en-US	TEKITO-owned
smh	shaking my head	abbreviation	en-US	TEKITO-owned
smth	something	abbreviation	en-US	TEKITO-owned
sorta	sort of	colloquial	en-US	TEKITO-owned
srsly	seriously	abbreviation	en-US	TEKITO-owned
sry	sorry	abbreviation	en-US	TEKITO-owned
stfu	stfu	abbreviation	en-US	TEKITO-owned
sth	something	abbreviation	en-US	TEKITO-owned
sup	what's up	colloquial	en-US	TEKITO-owned
sus	suspicious	slang	en-US	TEKITO-owned
tbd	to be determined	abbreviation	en-US	TEKITO-owned
tbf	to be fair	abbreviation	en-US	TEKITO-owned
tbh	to be honest	abbreviation	en-US	TEKITO-owned
tfw	that feeling when	abbreviation	en-US	TEKITO-owned
thanx	thanks	colloquial	en-US	TEKITO-owned
thnx	thanks	colloquial	en-US	TEKITO-owned
tho	though	colloquial	en-US	TEKITO-owned
thru	through	colloquial	en-US	TEKITO-owned
thx	thanks	abbreviation	en-US	TEKITO-owned
tia	thanks in advance	abbreviation	en-US	TEKITO-owned
til	today I learned	abbreviation	en-US	TEKITO-owned
tks	thanks	abbreviation	en-US	TEKITO-owned
tldr	too long; didn't read	abbreviation	en-US	TEKITO-owned
tmi	too much information	abbreviation	en-US	TEKITO-owned
tmr	tomorrow	abbreviation	en-US	TEKITO-owned
tmrw	tomorrow	abbreviation	en-US	TEKITO-owned
tn	tonight	abbreviation	en-US	TEKITO-owned
tonite	tonight	colloquial	en-US	TEKITO-owned
totes	totally	colloquial	en-US	TEKITO-owned
tryna	trying to	colloquial	en-US	TEKITO-owned
ttyl	talk to you later	abbreviation	en-US	TEKITO-owned
ttys	talk to you soon	abbreviation	en-US	TEKITO-owned
txt	text	abbreviation	en-US	TEKITO-owned
ty	thank you	abbreviation	en-US	TEKITO-owned
tysm	thank you so much	abbreviation	en-US	TEKITO-owned
tyvm	thank you very much	abbreviation	en-US	TEKITO-owned
u	you	abbreviation	en-US	TEKITO-owned
ur	your	abbreviation	en-US	TEKITO-owned
vid	video	colloquial	en-US	TEKITO-owned
vids	videos	colloquial	en-US	TEKITO-owned
wanna	want to	colloquial	en-US	TEKITO-owned
wassup	what's up	colloquial	en-US	TEKITO-owned
wbu	what about you	abbreviation	en-US	TEKITO-owned
wdym	what do you mean	abbreviation	en-US	TEKITO-owned
wfh	work from home	abbreviation	en-US	TEKITO-owned
whatcha	what are you	colloquial	en-US	TEKITO-owned
whatevs	whatever	colloquial	en-US	TEKITO-owned
wtf	wtf	abbreviation	en-US	TEKITO-owned
wya	where are you	abbreviation	en-US	TEKITO-owned
wyd	what are you doing	abbreviation	en-US	TEKITO-owned
wym	what do you mean	abbreviation	en-US	TEKITO-owned
xoxo	hugs and kisses	abbreviation	en-US	TEKITO-owned
y'all	y'all	colloquial	en-US	TEKITO-owned
y'know	you know	colloquial	en-US	TEKITO-owned
ya	you	colloquial	en-US	TEKITO-owned
yall	y'all	colloquial	en-US	TEKITO-owned
yea	yeah	colloquial	en-US	TEKITO-owned
yeet	yeet	slang	en-US	TEKITO-owned
yolo	you only live once	abbreviation	en-US	TEKITO-owned
yw	you're welcome	abbreviation	en-US	TEKITO-owned
